month_end,regime_gmm2,regime_gmm3,regime_hmm2,regime_hmm3,regime_final,rv_21d,rv_63d,vix,yield_curve_slope,credit_spread,sp500_ret_3m
2005-01-31,calm,calm,calm,calm,calm,0.0936193544762643,0.0969347356011654,13.239999771118164,0.9999999999999996,0.6699999999999999,0.0389555508300789
2005-02-28,calm,calm,calm,normal,calm,0.1020125672471309,0.097974697990523,11.489999771118164,0.79,0.6099999999999994,0.0250558363008366
2005-03-31,calm,calm,calm,calm,calm,0.1030788595453671,0.100997133181378,13.640000343322754,0.77,0.7299999999999995,-0.0264762627095798
2005-04-30,calm,calm,calm,normal,calm,0.1435276988842938,0.1183869839679542,16.860000610351562,0.69,0.7400000000000002,-0.0266741107850267
2005-05-31,calm,calm,calm,calm,calm,0.1036756580772265,0.1193770357788618,12.149999618530272,0.4999999999999995,0.8900000000000006,-0.0040046081645324
2005-06-30,calm,calm,calm,normal,calm,0.0784957692667122,0.1135182870220351,11.770000457763672,0.3599999999999999,0.9000000000000004,0.0163138857039517
2005-07-31,calm,calm,calm,calm,calm,0.0858536065640429,0.0905121065886014,10.520000457763672,0.3099999999999996,0.8700000000000001,0.0879095909584124
2005-08-31,calm,calm,calm,normal,calm,0.0852849512501733,0.0833890099840328,13.649999618530272,0.2199999999999997,0.8700000000000001,0.0051488609633911
2005-09-30,calm,calm,calm,calm,calm,0.0966686210914736,0.0899036543551695,12.239999771118164,0.25,0.91,0.030512199807877
2005-10-31,calm,calm,calm,normal,calm,0.1479520644954793,0.1123288210893628,14.25,0.1900000000000004,0.9699999999999998,-0.0299024099536886
2005-11-30,calm,calm,calm,calm,calm,0.0743000635800029,0.1111911779676138,11.890000343322754,0.1200000000000001,0.9900000000000002,0.0406070331271064
2005-12-31,calm,calm,calm,normal,calm,0.0751907886790723,0.1058194102122739,11.609999656677246,0.0699999999999994,0.9500000000000002,0.0217809112020248
2006-01-31,calm,calm,calm,calm,calm,0.1106213190253809,0.093094882669308,12.390000343322754,0.0199999999999995,0.92,0.0901602466629991
2006-02-28,calm,calm,calm,normal,calm,0.0872707439306221,0.0914472821607009,11.59000015258789,-0.0999999999999996,0.9000000000000004,0.0225266947129099
2006-03-31,calm,calm,calm,calm,calm,0.0756974627481935,0.0938026828668018,11.56999969482422,-0.0100000000000006,0.8899999999999997,0.0334453647638399
2006-04-30,calm,calm,calm,normal,calm,0.0909228192699158,0.0865366010230996,11.84000015258789,0.1000000000000005,0.7999999999999998,0.0281748866698003
2006-05-31,calm,normal,calm,calm,calm,0.1240328614097223,0.0991860814747611,18.65999984741211,0.1400000000000005,0.8300000000000001,-0.0162338470067248
2006-06-30,calm,calm,calm,normal,calm,0.1620508232622481,0.1281810525463002,13.029999732971191,-0.0099999999999997,0.9299999999999996,-0.0210574926997212
2006-07-31,calm,calm,calm,calm,calm,0.1533930521854002,0.1408217815756274,14.329999923706056,-0.0300000000000002,0.8799999999999999,-0.0244618436314123
2006-08-31,calm,calm,calm,normal,calm,0.0714968868950971,0.1248894779593854,12.220000267028809,-0.0200000000000004,0.9299999999999996,0.0152911891305189
2006-09-30,calm,calm,calm,calm,calm,0.0778643530502451,0.0983267943080303,11.720000267028809,-0.0499999999999998,0.9400000000000004,0.0518591922339624
2006-10-31,calm,calm,calm,normal,calm,0.0711772182375401,0.0727508428223612,11.199999809265137,-0.0699999999999994,0.8600000000000003,0.0841988528510686
2006-11-30,calm,calm,calm,calm,calm,0.0854218243887242,0.0775544418888693,10.829999923706056,-0.1400000000000005,0.8899999999999997,0.072094490989977
2006-12-31,calm,calm,calm,normal,calm,0.0696831786681154,0.073208243256081,10.989999771118164,-0.1100000000000003,0.8999999999999995,0.0641207391796485
2007-01-31,calm,calm,calm,calm,calm,0.0736218048720469,0.075825260161283,10.960000038146973,-0.1200000000000001,0.91,0.0286088572951883
2007-02-28,calm,calm,calm,normal,calm,0.139896609746771,0.1026236228785138,18.309999465942383,-0.1299999999999999,0.8899999999999997,-0.0050138518367846
2007-03-31,calm,calm,calm,calm,calm,0.1411496564002925,0.121441105233992,15.140000343322754,-0.0100000000000006,0.9699999999999998,0.0039734665719557
2007-04-30,calm,calm,calm,normal,calm,0.0708023760956775,0.1220007582782795,12.449999809265137,0.0200000000000004,0.92,0.0505490794857799
2007-05-31,calm,calm,calm,calm,calm,0.0904428910530577,0.1057351060887838,12.829999923706056,-0.0199999999999995,0.9300000000000006,0.0877226929467562
2007-06-30,calm,calm,calm,normal,calm,0.1358029318183198,0.1047696890739718,15.539999961853027,0.1199999999999992,0.8999999999999995,0.058473234256952
2007-07-31,calm,normal,calm,calm,calm,0.1690171087656994,0.1346660806302003,20.8700008392334,0.1799999999999997,1.0499999999999998,-0.0057070508478763
2007-08-31,calm,normal,crisis,normal,crisis,0.2504492173264581,0.1902042748283968,25.059999465942383,0.3600000000000003,0.8200000000000003,-0.0512256095153093
2007-09-30,calm,normal,crisis,normal,crisis,0.1678760079855154,0.1958776043446221,17.0,0.5099999999999998,0.8300000000000001,0.0170484652497946
2007-10-31,calm,normal,crisis,calm,crisis,0.131435625958233,0.1855539266813469,21.06999969482422,0.56,0.8499999999999996,0.0444873198646627
2007-11-30,calm,normal,crisis,normal,crisis,0.2669661018428791,0.193963971520496,23.969999313354492,0.8100000000000005,1.1100000000000003,0.0082873383917092
2007-12-31,calm,normal,crisis,calm,crisis,0.1728712192565042,0.197981140265548,20.739999771118164,0.9799999999999996,1.1399999999999997,-0.0316096346917471
2008-01-31,calm,normal,crisis,normal,crisis,0.2325993135821434,0.2257857885614033,27.6200008392334,1.2600000000000002,1.25,-0.1201637426974705
2008-02-29,calm,normal,crisis,calm,crisis,0.1885628138399286,0.2074481392172121,23.530000686645508,1.7700000000000002,1.33,-0.0423950817346235
2008-03-31,calm,normal,crisis,normal,crisis,0.2955633776820482,0.2415490574417367,25.709999084472656,1.8899999999999997,1.4200000000000008,-0.1218167403235076
2008-04-30,calm,normal,crisis,calm,crisis,0.1849796200659627,0.2267218771675936,20.239999771118164,1.6300000000000003,1.3499999999999996,0.0210231898639081
2008-05-31,calm,normal,crisis,normal,crisis,0.1444960157503644,0.2160255812446421,18.13999938964844,1.4299999999999995,1.3899999999999997,0.0223589983430076
2008-06-30,calm,normal,crisis,calm,crisis,0.1977263433301366,0.1798883870347465,23.440000534057617,1.3299999999999996,1.42,-0.033507180710029
2008-07-31,calm,normal,crisis,normal,crisis,0.2325478280481233,0.1947510514177956,21.209999084472656,1.44,1.4800000000000004,-0.0731312715552879
2008-08-31,calm,normal,crisis,calm,crisis,0.2071285814406498,0.2124366362935319,19.43000030517578,1.4700000000000002,1.5700000000000005,-0.0711949262516199
2008-09-30,crisis,crisis,crisis,crisis,crisis,0.511212838247316,0.3454191561775656,46.720001220703125,1.61,1.8600000000000003,-0.1356093406677245
2008-10-31,crisis,crisis,crisis,crisis,crisis,0.8340729267246552,0.5836697689127452,62.900001525878906,2.2,3.05,-0.2429719811011907
2008-11-30,crisis,crisis,crisis,crisis,crisis,0.6843978613437459,0.6868933149441507,54.91999816894531,2.32,3.330000000000001,-0.3175262508691789
2008-12-31,crisis,crisis,crisis,crisis,crisis,0.5072315698633634,0.6776739315042535,41.630001068115234,1.6,3.33,-0.2363935441595399
2009-01-31,crisis,crisis,crisis,crisis,crisis,0.394116859306089,0.5313008850497051,42.630001068115234,1.71,2.959999999999999,-0.1014024243516065
2009-02-28,crisis,crisis,crisis,crisis,crisis,0.3839965909846082,0.4201294227679623,44.65999984741211,1.89,2.8500000000000005,-0.1161995993853564
2009-03-31,crisis,crisis,crisis,crisis,crisis,0.4958638428201031,0.4163333312294473,45.540000915527344,1.8899999999999997,3.0500000000000007,-0.0976970207248904
2009-04-30,crisis,crisis,crisis,crisis,crisis,0.3011808937607159,0.3995611849660739,36.08000183105469,2.0,2.829999999999999,-0.0005148350778582
2009-05-31,crisis,normal,crisis,crisis,crisis,0.284645117584525,0.369597062162207,31.670000076293945,2.36,2.3000000000000007,0.2045614501335981
2009-06-30,crisis,normal,crisis,calm,crisis,0.2074090676342748,0.2630594590376885,25.350000381469727,2.54,1.83,0.1773899990792762
2009-07-31,crisis,normal,crisis,normal,crisis,0.2102482462364097,0.2326541422161874,25.399999618530273,2.54,1.4699999999999998,0.1305438786907997
2009-08-31,calm,normal,crisis,calm,crisis,0.1599422760642615,0.1867550331069981,24.760000228881836,2.47,1.29,0.0912745755400283
2009-09-30,calm,normal,crisis,normal,crisis,0.1556189170288093,0.1746188449290833,25.190000534057617,2.44,1.13,0.1536896585538083
2009-10-31,calm,normal,calm,calm,calm,0.1980183066797398,0.1700243025090161,24.760000228881836,2.4400000000000004,1.12,0.0796269356726475
2009-11-30,calm,normal,calm,normal,calm,0.2001114978707073,0.1782720901383661,24.739999771118164,2.5999999999999996,1.17,0.0608009614432087
2009-12-31,calm,normal,calm,calm,calm,0.1001049698967346,0.1647713796929662,19.959999084472656,2.72,1.0600000000000005,0.0655958780539376
2010-01-31,calm,normal,calm,normal,calm,0.1564435570694409,0.1628001086509126,23.729999542236328,2.8,0.9500000000000002,0.0198606317773553
2010-02-28,calm,calm,calm,calm,calm,0.1826573960032812,0.151801383602792,20.100000381469727,2.83,1.0200000000000005,-0.002983121978284
2010-03-31,calm,normal,calm,normal,calm,0.0705495685399944,0.1439411142502006,17.1299991607666,2.77,0.9900000000000002,0.0403358714045825
2010-04-30,calm,calm,calm,calm,calm,0.1375356191501236,0.134715876116619,18.440000534057617,2.79,0.9399999999999996,0.112721636743666
2010-05-31,calm,normal,crisis,normal,crisis,0.3199014561361727,0.205556215240189,29.68000030517578,2.59,1.1900000000000004,-0.0012946533271175
2010-06-30,calm,normal,crisis,calm,crisis,0.2614675848648197,0.2488027209255288,34.130001068115234,2.4800000000000004,1.38,-0.1125316654299444
2010-07-31,calm,normal,crisis,normal,crisis,0.2032568782083634,0.2645178584512015,24.1299991607666,2.3899999999999997,1.1500000000000004,-0.0872155632715627
2010-08-31,calm,normal,crisis,calm,crisis,0.181287040098366,0.2149648905015203,27.209999084472656,2.18,1.1900000000000004,-0.0203509052751396
2010-09-30,calm,normal,calm,normal,calm,0.1556836215342595,0.1821361865491419,23.25,2.17,1.0700000000000005,0.1106227977340406
2010-10-31,calm,normal,calm,calm,calm,0.1138812586607776,0.1563040012480128,20.8799991607666,2.16,1.04,0.074600631383662
2010-11-30,calm,normal,calm,normal,calm,0.1461907784718279,0.1399925270720156,21.530000686645508,2.3099999999999996,1.04,0.1323646798645323
2010-12-31,calm,normal,calm,calm,calm,0.0889334629703582,0.1188638110226115,17.520000457763672,2.67,1.09,0.1022433041564023
2011-01-31,calm,normal,calm,normal,calm,0.100557957961453,0.1153145889476554,20.040000915527344,2.78,0.9899999999999992,0.0781901487039065
2011-02-28,calm,normal,calm,calm,calm,0.1332855980541098,0.1041798668270856,19.219999313354492,2.81,0.8999999999999995,0.1014144713754865
2011-03-31,calm,calm,calm,normal,calm,0.1621424543261525,0.1313352709024393,17.709999084472656,2.71,0.8999999999999995,0.054358680782526
2011-04-30,calm,calm,calm,normal,calm,0.0892545457136392,0.13375053954431,14.619999885559082,2.73,0.8199999999999994,0.0468934696696321
2011-05-31,calm,calm,calm,calm,calm,0.1009247059826222,0.1245221733020511,15.979999542236328,2.61,0.7699999999999996,0.0029234075499608
2011-06-30,calm,calm,calm,normal,calm,0.1653414271324898,0.1239349841117591,17.270000457763672,2.59,0.7599999999999998,-0.0156972094564651
2011-07-31,calm,normal,calm,calm,calm,0.157277561544402,0.142756350091789,23.739999771118164,2.59,0.8700000000000001,-0.0439623790001159
2011-08-31,crisis,crisis,crisis,normal,crisis,0.4941066382799241,0.306231932155122,32.88999938964844,2.07,1.08,-0.0773116283959002
2011-09-30,calm,normal,crisis,calm,crisis,0.2814264285222411,0.3343882028209287,38.84000015258789,1.77,1.2800000000000002,-0.1213351015091208
2011-10-31,crisis,crisis,crisis,normal,crisis,0.2937771290771296,0.3677210042133709,24.530000686645508,1.87,1.36,-0.0014374995494474
2011-11-30,calm,normal,crisis,calm,crisis,0.2803359888693513,0.2865998949897499,30.63999938964844,1.7599999999999998,1.2599999999999998,-0.0146177009998046
2011-12-31,calm,normal,crisis,normal,crisis,0.2350054922091268,0.2723369236103825,22.649999618530273,1.72,1.3900000000000006,0.0884350163375813
2012-01-31,calm,normal,crisis,calm,crisis,0.0910072491845754,0.2177801307603796,19.399999618530273,1.73,1.35,0.0221238252683719
2012-02-29,calm,normal,crisis,normal,crisis,0.0809892047821168,0.1583168227484404,17.959999084472656,1.69,1.2599999999999998,0.1842716232126067
2012-03-31,calm,normal,crisis,calm,crisis,0.1177520991730302,0.0970008706760494,15.479999542236328,1.83,1.25,0.1229474191346706
2012-04-30,calm,normal,crisis,normal,crisis,0.1432731482512135,0.1162085660855499,16.31999969482422,1.7599999999999998,1.2000000000000002,0.0661156641589484
2012-05-31,calm,normal,crisis,calm,crisis,0.1286445578766663,0.1314637681905014,24.13999938964844,1.51,1.35,-0.0383399517914886
2012-06-30,calm,normal,crisis,normal,crisis,0.188799626348508,0.1552451780215425,19.709999084472656,1.33,1.4099999999999997,-0.0529046153899686
2012-07-31,calm,normal,crisis,calm,crisis,0.1605473884764885,0.1620511853975708,18.030000686645508,1.28,1.5,-0.0090205986388546
2012-08-31,calm,normal,crisis,normal,crisis,0.0921271758137117,0.1414108316744533,17.829999923706055,1.41,1.4,0.0950204513900296
2012-09-30,calm,normal,crisis,calm,crisis,0.1159382280684191,0.1237178394980699,14.84000015258789,1.46,1.34,0.0888686434419814
2012-10-31,calm,normal,calm,normal,calm,0.1078785973335608,0.104759475949971,17.809999465942383,1.47,1.06,0.0192304133683245
2012-11-30,calm,calm,calm,calm,calm,0.1550961542958316,0.1268986724541755,15.0600004196167,1.38,1.0100000000000002,0.0047185851936069
2012-12-31,calm,normal,calm,normal,calm,0.0981805402292977,0.1225484388426592,22.719999313354492,1.46,0.96,-0.0215512891298976
2013-01-31,calm,calm,calm,calm,calm,0.1089205076705481,0.123696238789424,14.31999969482422,1.64,0.94,0.0629808078582814
2013-02-28,calm,calm,calm,normal,calm,0.1274370318939212,0.1137582738977675,14.729999542236328,1.71,0.9599999999999996,0.0780066331444728
2013-03-31,calm,calm,calm,calm,calm,0.082387491728717,0.1085980952567005,13.149999618530272,1.7,0.9299999999999996,0.0954606830943838
2013-04-30,calm,calm,calm,normal,calm,0.145262106154221,0.117656570911919,13.710000038146973,1.53,0.8299999999999996,0.0622791453662585
2013-05-31,calm,calm,calm,calm,calm,0.0971952803842642,0.1078059943765202,14.529999732971191,1.68,0.8400000000000007,0.0922504921923372
2013-06-30,calm,calm,calm,normal,calm,0.1754992468458584,0.1417162331931645,16.860000610351562,1.97,1.0300000000000002,0.0280463241602126
2013-07-31,calm,calm,calm,calm,calm,0.0697574184953544,0.123151328415801,13.390000343322754,2.24,0.9099999999999993,0.0553277900937956
2013-08-31,calm,calm,calm,normal,calm,0.1068720686360193,0.1227476861087658,16.809999465942383,2.3800000000000003,0.8500000000000005,0.0045562467072814
2013-09-30,calm,calm,calm,calm,calm,0.0825489164535549,0.0900064630602942,15.460000038146973,2.41,0.8300000000000001,0.0532098819285813
2013-10-31,calm,calm,calm,normal,calm,0.1267278643671904,0.1069622990994134,13.649999618530272,2.28,0.75,0.0330664102351201
2013-11-30,calm,calm,calm,calm,calm,0.0913648994741333,0.1017158184831274,12.979999542236328,2.4200000000000004,0.75,0.1032004810173914
2013-12-31,calm,calm,calm,normal,calm,0.0945291385105735,0.1040711057364375,13.5600004196167,2.56,0.8099999999999996,0.0948647930949824
2014-01-31,calm,calm,calm,calm,calm,0.1258196647431323,0.1046062501550805,17.290000915527344,2.47,0.6399999999999997,0.0125511390542756
2014-02-28,calm,calm,calm,normal,calm,0.1360764563258469,0.1158234978937179,14.039999961853027,2.38,0.6799999999999997,0.0287437636784606
2014-03-31,calm,calm,calm,calm,calm,0.1011207140564793,0.1174214221176375,14.40999984741211,2.3200000000000003,0.6700000000000008,0.0084689500768331
2014-04-30,calm,calm,calm,normal,calm,0.1337680691700759,0.1230832463336669,13.710000038146973,2.29,0.6200000000000001,0.0478828206720711
2014-05-31,calm,calm,calm,calm,calm,0.0822982232889784,0.1062779564918715,11.56999969482422,2.17,0.54,0.0354529166686417
2014-06-30,calm,calm,calm,normal,calm,0.0576452327167881,0.0950953280986817,11.260000228881836,2.15,0.5700000000000003,0.0556303044174506
2014-07-31,calm,calm,calm,calm,calm,0.0831246111072985,0.074198194352141,13.329999923706056,2.03,0.5899999999999999,0.0457124644227509
2014-08-31,calm,calm,calm,normal,calm,0.1084028808191346,0.0843468133846544,12.050000190734863,1.95,0.6300000000000003,0.0380386707987778
2014-09-30,calm,calm,calm,calm,calm,0.0954888114435503,0.0949381927831859,15.979999542236328,1.96,0.75,0.0089632688686729
2014-10-31,calm,calm,calm,normal,calm,0.1810153728657571,0.1282694481482315,14.520000457763672,1.85,0.8300000000000001,0.0361010825746699
2014-11-30,calm,calm,calm,calm,calm,0.0539012620764209,0.1242794599679402,12.06999969482422,1.8,0.8500000000000001,0.038107158800227
2014-12-31,calm,calm,calm,normal,calm,0.1536120828435102,0.1414462650368151,15.920000076293944,1.5699999999999998,0.9600000000000004,0.0547891316457263
2015-01-31,calm,calm,calm,calm,calm,0.164022794614427,0.1331355266691466,18.760000228881836,1.3299999999999998,0.9999999999999996,0.018236291419073
2015-02-28,calm,calm,calm,normal,calm,0.121354080922574,0.1427955512073062,13.90999984741211,1.36,0.8299999999999996,0.0199719146425039
2015-03-31,calm,calm,calm,calm,calm,0.1438430533869677,0.1398509702629893,14.510000228881836,1.4,0.96,-0.0012112531648854
2015-04-30,calm,calm,calm,normal,calm,0.0828887028815271,0.1144123233308943,13.390000343322754,1.4,0.9499999999999996,0.0522885592007411
2015-05-31,calm,calm,calm,calm,calm,0.1100729791801972,0.1131867335468667,13.3100004196167,1.5900000000000003,0.9299999999999996,0.004761386468548
2015-06-30,calm,normal,calm,normal,calm,0.1136991597085424,0.1025648202396014,18.850000381469727,1.67,0.9799999999999996,-0.0137089202537226
2015-07-31,calm,calm,calm,calm,calm,0.1194160797051929,0.1121990318181293,12.130000114440918,1.65,1.1100000000000003,0.0110859564032843
2015-08-31,calm,normal,crisis,normal,crisis,0.2669565473154588,0.1800089493832236,26.049999237060547,1.47,1.2000000000000002,-0.0581797798430132
2015-09-30,calm,normal,crisis,calm,crisis,0.2145472488984455,0.2079107464564316,26.829999923706055,1.46,1.3399999999999994,-0.0867719764241141
2015-10-31,calm,normal,crisis,normal,crisis,0.1247531545839679,0.2165574383079648,14.609999656677246,1.4299999999999995,1.3600000000000003,-0.0068589698733795
2015-11-30,calm,normal,crisis,calm,crisis,0.1186210522347926,0.1662818627583427,15.119999885559082,1.38,1.4400000000000004,0.0509033333265818
2015-12-31,calm,normal,crisis,normal,crisis,0.186175499024379,0.1479516090843891,17.290000915527344,1.2600000000000002,1.5099999999999998,0.0746499148127846
2016-01-31,calm,normal,crisis,calm,crisis,0.2145727801301565,0.1772011079649543,22.420000076293945,1.19,1.41,-0.0835136024656444
2016-02-29,calm,normal,crisis,normal,crisis,0.1979019394943976,0.1980121137645649,19.809999465942383,1.05,1.4400000000000004,-0.0675348952223043
2016-03-31,calm,normal,crisis,calm,crisis,0.1147680630438122,0.1851171641616107,13.5600004196167,1.0099999999999998,1.1800000000000006,0.0036226361156699
2016-04-30,calm,calm,calm,normal,calm,0.1000770799191857,0.1441734895415586,15.220000267028809,1.04,1.1000000000000003,0.0963631188224936
2016-05-31,calm,calm,calm,calm,calm,0.1128746460487983,0.1096323475113167,13.119999885559082,0.99,1.0500000000000005,0.0863406943331497
2016-06-30,calm,calm,calm,normal,calm,0.184959289446333,0.135729086917406,16.639999389648438,0.91,1.0300000000000002,0.0053550590604496
2016-07-31,calm,calm,calm,calm,calm,0.0968511022686132,0.13315116497444,12.720000267028809,0.83,0.9000000000000004,0.0454039615088142
2016-08-31,calm,calm,calm,normal,calm,0.0584647083726077,0.1214538649198911,13.119999885559082,0.8200000000000001,0.9500000000000002,0.0365783541438535
2016-09-30,calm,calm,calm,calm,calm,0.1429945808827649,0.0980732674913643,14.020000457763672,0.8599999999999999,0.8600000000000003,0.024903887212774
2016-10-31,calm,calm,calm,normal,calm,0.0729583603830802,0.0971641615055098,16.190000534057617,0.92,0.8199999999999998,-0.0204668119172344
2016-11-30,calm,calm,calm,calm,calm,0.1043890020064118,0.1100985820231989,12.899999618530272,1.16,0.8099999999999996,0.0131149906186065
2016-12-31,calm,calm,calm,normal,calm,0.0784595693838928,0.0862896909717719,13.369999885559082,1.2900000000000005,0.75,0.0456179460557837
2017-01-31,calm,calm,calm,calm,calm,0.0660490527371681,0.0838096048677539,11.880000114440918,1.2200000000000002,0.75,0.0693188409844554
2017-02-28,calm,calm,calm,normal,calm,0.0511030810522176,0.0650691205019744,12.09000015258789,1.22,0.7000000000000002,0.0748530568461463
2017-03-31,calm,calm,calm,calm,calm,0.0690080724651235,0.0670487989192342,11.539999961853027,1.17,0.7100000000000004,0.0525085962260809
2017-04-30,calm,calm,calm,normal,calm,0.0702753031840844,0.0696908570968578,10.359999656677246,1.0599999999999998,0.71,0.0400970490584819
2017-05-31,calm,calm,calm,calm,calm,0.0794837816042133,0.0771381197512131,10.380000114440918,0.9999999999999998,0.6800000000000002,0.0208449771413821
2017-06-30,calm,calm,calm,normal,calm,0.0748274712007239,0.0737862911721892,11.4399995803833,0.8499999999999999,0.6999999999999997,0.0218068339908537
2017-07-31,calm,calm,calm,calm,calm,0.064223909317515,0.0696362893042945,10.289999961853027,0.9499999999999996,0.6699999999999995,0.0368677746349128
2017-08-31,calm,calm,calm,normal,calm,0.0950273767266653,0.0746889878413859,11.220000267028809,0.8699999999999999,0.6699999999999999,0.0113289501629874
2017-09-30,calm,calm,calm,calm,calm,0.0577621292572145,0.0710009565184265,9.550000190734863,0.8200000000000003,0.7200000000000002,0.0373435174795591
2017-10-31,calm,calm,calm,normal,calm,0.0496356578078362,0.069884570971499,10.5,0.8099999999999998,0.71,0.0389605575399309
2017-11-30,calm,calm,calm,calm,calm,0.0580659021029556,0.0542135462939299,10.699999809265137,0.6500000000000001,0.69,0.0685549560518279
2017-12-31,calm,calm,calm,normal,calm,0.0570486340807917,0.0543417603802775,10.18000030517578,0.5599999999999998,0.7100000000000004,0.0707074636963795
2018-01-31,calm,calm,calm,calm,calm,0.092801967304766,0.0713215071627599,14.789999961853027,0.5500000000000003,0.6900000000000004,0.0935115502054801
2018-02-28,calm,normal,crisis,normal,crisis,0.2613815402383598,0.1623971687385711,18.59000015258789,0.6799999999999997,0.69,0.0545108443988806
2018-03-31,calm,normal,crisis,calm,crisis,0.1964495181136138,0.1948106715701857,22.8700008392334,0.56,0.81,-0.0281663868681216
2018-04-30,calm,normal,crisis,normal,crisis,0.1763243364276593,0.2126475240479448,15.40999984741211,0.4900000000000002,0.8199999999999998,-0.0706471914145635
2018-05-31,calm,normal,calm,calm,calm,0.1024649188488185,0.1625730869045051,14.9399995803833,0.4700000000000002,0.8599999999999999,0.0037511308179096
2018-06-30,calm,calm,calm,normal,calm,0.0919446885376446,0.1260155261790131,16.850000381469727,0.3800000000000003,0.9099999999999996,0.02856632021214
2018-07-31,calm,calm,calm,calm,calm,0.0856360846204629,0.0928307931549455,14.260000228881836,0.2800000000000002,0.91,0.0583637189548287
2018-08-31,calm,calm,calm,normal,calm,0.0731114290899557,0.079993914218204,13.529999732971191,0.25,0.8599999999999999,0.060889541687513
2018-09-30,calm,calm,calm,calm,calm,0.059405217269728,0.0719548548302882,12.40999984741211,0.2299999999999999,0.9099999999999996,0.0727788570309957
2018-10-31,calm,normal,crisis,normal,crisis,0.2287871471530019,0.1451760135883105,23.350000381469727,0.29,0.92,-0.0464676470902171
2018-11-30,calm,normal,crisis,calm,crisis,0.1898282605686616,0.1755075384513693,18.790000915527344,0.2600000000000002,1.08,-0.0562986976046846
2018-12-31,calm,normal,crisis,normal,crisis,0.2972991713496707,0.2365825834092761,28.34000015258789,0.1499999999999999,1.1400000000000006,-0.1469663726031658
2019-01-31,calm,normal,crisis,calm,crisis,0.1846735022648661,0.2290890692407896,17.65999984741211,0.1699999999999999,1.2200000000000002,0.0084101974711832
2019-02-28,calm,normal,crisis,normal,crisis,0.0934059104425435,0.2119930665468036,14.699999809265137,0.1800000000000001,1.0900000000000003,0.0607088995736424
2019-03-31,calm,calm,calm,calm,calm,0.1160477139704823,0.1343980702581565,14.43000030517578,0.1599999999999997,1.0500000000000005,0.1409166418588443
2019-04-30,calm,calm,calm,normal,calm,0.0637467273075101,0.0932713104870929,13.109999656677246,0.1899999999999999,0.96,0.1131607014731452
2019-05-31,calm,calm,calm,calm,calm,0.139046053066087,0.1132977690840575,17.299999237060547,0.1899999999999999,1.0,0.0015694497745823
2019-06-30,calm,calm,calm,normal,calm,0.1167650601363886,0.1152249165595001,15.81999969482422,0.2599999999999998,1.0500000000000005,0.0388855677077832
2019-07-31,calm,calm,calm,calm,calm,0.0750038284785117,0.1170598546681999,13.9399995803833,0.2199999999999999,0.91,0.0228627761036688
2019-08-31,calm,normal,calm,normal,calm,0.2344267873837822,0.1557146150748911,17.8799991607666,0.0599999999999998,0.91,0.0626875925154788
2019-09-30,calm,normal,calm,calm,calm,0.0943234764884946,0.1501805618339095,17.219999313354492,0.05,0.8799999999999999,0.0068088590606922
2019-10-31,calm,normal,calm,normal,calm,0.1276484684871136,0.1611596725027202,12.329999923706056,0.1599999999999999,0.8800000000000003,0.0315585121305708
2019-11-30,calm,calm,calm,calm,calm,0.0550307199248367,0.0970184448513384,11.75,0.1999999999999999,0.92,0.0783188692286886
2019-12-31,calm,calm,calm,normal,calm,0.0783494291523593,0.0948381934586324,14.81999969482422,0.25,0.8500000000000001,0.0821536478262821
2020-01-31,calm,calm,calm,calm,calm,0.1003192531572712,0.0790160851564322,15.489999771118164,0.24,0.8300000000000001,0.0812574799416774
2020-02-29,calm,normal,crisis,normal,crisis,0.244891995281401,0.1623763277870681,39.15999984741211,0.1699999999999999,0.8699999999999997,-0.0494249141962117
2020-03-31,crisis,crisis,crisis,crisis,crisis,0.9644362473393698,0.5697938780783959,57.08000183105469,0.42,1.88,-0.1893105948389292
2020-04-30,crisis,crisis,crisis,crisis,crisis,0.413324374217353,0.6171752671216282,31.229999542236328,0.44,1.4900000000000002,-0.1020009478032489
2020-05-31,crisis,crisis,crisis,crisis,crisis,0.2423009463185501,0.614243338229778,28.59000015258789,0.5,1.34,0.0171111370288388
2020-06-30,crisis,normal,crisis,crisis,crisis,0.3008546725967429,0.3196087375703148,31.780000686645508,0.54,1.2000000000000002,0.1624084304154811
2020-07-31,calm,normal,crisis,calm,crisis,0.1347530344852308,0.2283877590548294,24.760000228881836,0.47,1.12,0.1146087792314611
2020-08-31,calm,normal,crisis,normal,crisis,0.0797641276462668,0.1958252307239873,22.959999084472656,0.51,1.0500000000000005,0.1480104695728039
2020-09-30,calm,normal,crisis,calm,crisis,0.245663088351974,0.1705839212723164,26.270000457763672,0.55,1.06,0.0758573967846381
2020-10-31,calm,normal,crisis,normal,crisis,0.2112965939021707,0.1940507057773703,37.59000015258789,0.64,1.06,0.0119194614803379
2020-11-30,calm,normal,crisis,calm,crisis,0.1660728520957862,0.2124036901709185,20.84000015258789,0.7,0.96,0.0371549931521812
2020-12-31,calm,normal,crisis,normal,crisis,0.0861722461368532,0.1640826033102648,22.770000457763672,0.79,0.9099999999999996,0.1097353669528695
2021-01-31,calm,normal,crisis,normal,crisis,0.1487776680935414,0.1592199431875676,30.209999084472656,0.95,0.7600000000000002,0.1169971684646526
2021-02-28,calm,normal,crisis,calm,crisis,0.1821848331831412,0.1347746214048238,28.88999938964844,1.14,0.7000000000000002,0.070368598362378
2021-03-31,calm,normal,calm,normal,calm,0.1537747662249668,0.1566708541711952,19.61000061035156,1.4600000000000002,0.73,0.0597505822699098
2021-04-30,calm,normal,calm,calm,calm,0.1022816628754649,0.1448312345024574,17.610000610351562,1.48,0.7000000000000002,0.1119745959352567
2021-05-31,calm,calm,calm,normal,calm,0.1418660464419661,0.140470006411445,16.739999771118164,1.4600000000000002,0.6599999999999997,0.1022604700563147
2021-06-30,calm,calm,calm,calm,calm,0.0857765525737581,0.1116466445608345,16.020000457763672,1.32,0.69,0.084184802957848
2021-07-31,calm,calm,calm,normal,calm,0.1152369770423087,0.1143201699845115,17.700000762939453,1.1,0.7100000000000004,0.0493128710178245
2021-08-31,calm,calm,calm,calm,calm,0.0840567852893193,0.095469133936544,16.190000534057617,1.06,0.7000000000000002,0.0777598492547682
2021-09-30,calm,normal,calm,normal,calm,0.1227669274530776,0.1101986426563369,22.559999465942383,1.13,0.6699999999999999,0.0144176756108203
2021-10-31,calm,calm,calm,calm,calm,0.1203725424790602,0.1126168007346503,16.530000686645508,1.19,0.6499999999999999,0.0457675238727091
2021-11-30,calm,normal,crisis,normal,crisis,0.1107041938971018,0.1195613512989559,22.959999084472656,1.05,0.6600000000000001,0.0279279850418794
2021-12-31,calm,normal,crisis,calm,crisis,0.1736458464185434,0.1397713639870461,17.329999923706055,0.7899999999999999,0.6600000000000001,0.1093872458835694
2022-01-31,calm,normal,crisis,normal,crisis,0.1649590588056087,0.1595065324035254,27.65999984741211,0.78,0.6400000000000001,-0.035803914136639
2022-02-28,calm,normal,crisis,calm,crisis,0.2419912937620248,0.2012660840542355,27.59000015258789,0.49,0.7999999999999998,-0.0673854634998478
2022-03-31,calm,normal,crisis,normal,crisis,0.2253482510105217,0.2110501941309135,19.329999923706055,0.2199999999999999,0.8800000000000003,-0.0397678854325004
2022-04-30,calm,normal,crisis,calm,crisis,0.2144981818144759,0.2299181402405697,29.989999771118164,0.2099999999999999,0.92,-0.0090164515367422
2022-05-31,calm,normal,crisis,normal,crisis,0.3389766084262532,0.2667242995601275,25.719999313354492,0.2799999999999998,1.0499999999999998,-0.0493147390958232
2022-06-30,calm,normal,crisis,calm,crisis,0.2952290688715067,0.2834785946979567,28.15999984741211,0.1400000000000001,1.13,-0.1754836346822212
2022-07-31,calm,normal,crisis,normal,crisis,0.1886414543536147,0.2853217044707571,22.329999923706055,-0.1400000000000001,1.1999999999999995,-0.0266565718453682
2022-08-31,calm,normal,crisis,calm,crisis,0.2027274778747163,0.2363059057784322,26.209999084472656,-0.3500000000000001,1.0600000000000005,-0.0353302744780796
2022-09-30,calm,normal,crisis,normal,crisis,0.237266958582671,0.2142551404196239,31.84000015258789,-0.3399999999999998,1.1400000000000006,-0.0382814715023286
2022-10-31,calm,normal,crisis,calm,crisis,0.2834289862480224,0.244674651966741,25.75,-0.3999999999999999,1.1900000000000004,-0.0528257771174567
2022-11-30,calm,normal,crisis,normal,crisis,0.2582410917559123,0.2610373395538553,21.88999938964844,-0.6099999999999999,1.1799999999999995,-0.0071572716413621
2022-12-31,calm,normal,crisis,calm,crisis,0.2131907708755293,0.2510000421140266,21.440000534057617,-0.6699999999999999,1.16,0.0573579950594731
2023-01-31,calm,normal,crisis,normal,crisis,0.1661050493894995,0.2167129172636898,19.940000534057617,-0.6800000000000002,1.04,0.0552806366726748
2023-02-28,calm,normal,calm,calm,calm,0.1629931786753153,0.1791803630290031,20.950000762939453,-0.7800000000000002,1.0599999999999996,-0.0111788211891166
2023-03-31,calm,calm,calm,normal,calm,0.1819770970989487,0.1677954300978929,19.020000457763672,-0.6399999999999997,1.1799999999999995,0.0707360686119815
2023-04-30,calm,calm,calm,calm,calm,0.1287347939935588,0.1557924671287736,17.030000686645508,-0.5599999999999996,1.0699999999999994,0.0184512889711048
2023-05-31,calm,calm,calm,normal,calm,0.1290312592702065,0.1451129274804694,17.459999084472656,-0.56,1.12,0.0592849446436647
2023-06-30,calm,calm,calm,calm,calm,0.1064389704771134,0.1185406781315329,13.539999961853027,-0.8899999999999997,1.0999999999999996,0.0915211684389114
2023-07-31,calm,calm,calm,normal,calm,0.0870860161998689,0.1085761813876216,13.329999923706056,-0.9300000000000002,1.08,0.1080633736586833
2023-08-31,calm,calm,calm,calm,calm,0.1289699359228042,0.108219506812444,13.880000114440918,-0.7300000000000004,1.0700000000000005,0.0801563778431857
2023-09-30,calm,calm,calm,normal,calm,0.1091900811744816,0.1111669102550953,17.34000015258789,-0.6399999999999997,1.0099999999999998,-0.0220041095484194
2023-10-31,calm,normal,calm,normal,calm,0.1421610963698223,0.1253804983812942,19.75,-0.2700000000000004,1.0099999999999998,-0.0895639808333235
2023-11-30,calm,calm,calm,calm,calm,0.1111198506951519,0.1279386159421238,12.979999542236328,-0.3799999999999999,1.0,0.0079094104615671
2023-12-31,calm,calm,calm,normal,calm,0.0931498567263139,0.1213245551833179,12.470000267028809,-0.4400000000000004,0.8499999999999996,0.1124845641263596
2024-01-31,calm,normal,calm,calm,calm,0.0927311829848674,0.1009591029741639,13.3100004196167,-0.2600000000000007,0.75,0.1961446444382091
2024-02-29,calm,calm,calm,normal,calm,0.1347929957385929,0.1070840336709326,13.84000015258789,-0.33,0.7400000000000002,0.1141275813016047
2024-03-31,calm,calm,calm,calm,calm,0.0975689732660212,0.107962226013691,12.779999732971191,-0.3799999999999999,0.7400000000000002,0.0992178091784909
2024-04-30,calm,calm,calm,normal,calm,0.1270068211472458,0.1205921277874941,14.670000076293944,-0.33,0.7300000000000004,0.0381985416552512
2024-05-31,calm,calm,calm,calm,calm,0.0930549531897052,0.112102522360399,14.470000267028809,-0.3799999999999999,0.6699999999999999,0.0273160488757431
2024-06-30,calm,calm,calm,normal,calm,0.0744386410215043,0.104681489013566,12.239999771118164,-0.4300000000000006,0.7000000000000002,0.0446566293059722
2024-07-31,calm,calm,calm,calm,calm,0.1379382309310617,0.1081992027770283,17.690000534057617,-0.25,0.7199999999999998,0.0625995665550287
2024-08-31,calm,normal,calm,normal,calm,0.19726357624932,0.1453887020307022,15.649999618530272,-0.1,0.7399999999999993,0.0680892643651811
2024-09-30,calm,normal,calm,calm,calm,0.1385563050228908,0.1608886228006916,16.959999084472656,0.1,0.7199999999999998,0.0508544930847658
2024-10-31,calm,normal,calm,normal,calm,0.0878411543448518,0.1443603788435105,20.350000381469727,0.1299999999999994,0.6600000000000001,0.0673786112365428
2024-11-30,calm,calm,calm,calm,calm,0.1394368580166446,0.1239570419445631,14.100000381469728,0.1000000000000005,0.6099999999999994,0.0727437743258274
2024-12-31,calm,calm,calm,normal,calm,0.1409765083530691,0.1250046673832999,15.949999809265137,0.1599999999999992,0.6299999999999999,0.0405477573935233
